{"failed":[{"rule":{"name":"kerberos_default_tgs_enctypes","severity":3,"documentation":{"documentation":"One should avoid the legacy TGS enctypes setting in the configuration.","remediation":"`libdefaults` has a key called \"default_tgs_enctypes\". If this value is set, custom cryptographic mechanisms are set instead of default secure ones. The value should only be set for legacy systems.","sources":["https://web.mit.edu/kerberos/krb5-1.12/doc/admin/conf_files/krb5_conf.html"]}},"fromLine":0,"toLine":1,"machine":"us-jfk-001","service":"Kerberos","config_file":{"fileName":"krb5.conf","subPath":".","configFileType":"krb"}},{"rule":{"name":"kerberos_dns_lookup_kdc","severity":1,"documentation":{"documentation":"In order to avoid DoS attacks, it is recommended to not use the local DNS server to lookup KDCs.","remediation":"`libdefaults` has a key called \"dns_lookup_kdc\". If this value is set to true, the local DNS server is used to look up KDCs and other servers in the realm. Setting this value to true opens up a type of denial of service attack.","sources":["https://web.mit.edu/kerberos/krb5-1.12/doc/admin/conf_files/krb5_conf.html"]}},"fromLine":0,"toLine":1,"machine":"us-jfk-001","service":"Kerberos","config_file":{"fileName":"krb5.conf","subPath":".","configFileType":"krb"}},{"rule":{"name":"nginx_server_tokens_off","severity":2,"documentation":{"documentation":"Knowing what NGINX version you are running may make you vulnerable if there is a known vulnerability for a specific version. There is a parameter to turn the display of the version on the error pages off. Our checking mechanism looks into each http-directive and ensures it is disabled on the top level.","remediation":"Set `server_tokens` to `off` on the http-level of the configuration.","sources":["https://nginx.org/en/docs/http/ngx_http_core_module.html#server_tokens"]}},"fromLine":0,"toLine":1,"machine":"us-jfk-001","service":"NGINX","config_file":{"fileName":"nginx.conf","subPath":".","configFileType":"nginx"}},{"rule":{"name":"nginx_one_root_outside_of_location_block","severity":1,"documentation":{"documentation":"One can define a root directory inside of a location block. However, one also needs a root directory for all directives that do not match any given location.","remediation":"Either have a top-level root directive, or ensure that there is one in every `location` directive.","sources":["https://www.nginx.com/resources/wiki/start/topics/tutorials/config_pitfalls/"]}},"fromLine":0,"toLine":1,"machine":"us-jfk-001","service":"NGINX","config_file":{"fileName":"nginx.conf","subPath":".","configFileType":"nginx"}},{"rule":{"name":"nginx_upstream_servers_https","severity":4,"documentation":{"documentation":"NGINX is popular to be used as load balancer. The communication to the upstream servers should exclusively be done via HTTPS, because otherwise there is unencrypted communication going on.","remediation":"Every server in the upstream directive should be starting with `https://`.","sources":["https://nginx.org/en/docs/http/ngx_http_upstream_module.html"]}},"fromLine":0,"toLine":1,"machine":"us-jfk-001","service":"NGINX","config_file":{"fileName":"nginx.conf","subPath":".","configFileType":"nginx"}},{"rule":{"name":"nginx_avoid_if_directives","severity":1,"documentation":{"documentation":"NGINX has an article called \"If is Evil\". Even though it is possible that there are uses where if makes sense, but in general, one should avoid using it.","remediation":"Do not use the `if`-directive anywhere in your configuration file.","sources":["https://www.nginx.com/resources/wiki/start/topics/tutorials/config_pitfalls/","https://www.nginx.com/resources/wiki/start/topics/depth/ifisevil/"]}},"fromLine":0,"toLine":1,"machine":"us-jfk-001","service":"NGINX","config_file":{"fileName":"nginx.conf","subPath":".","configFileType":"nginx"}},{"rule":{"name":"nginx_fast_cgi_pass_regular_expression","severity":4,"documentation":{"documentation":"Passing any PHP file to the FastCGI backend can cause PHP to start guessing the right path. This is dangerous if uploads by users are allowed. This should not be done; furthermore, the cgi.fix_pathinfo in php.ini should be set to 0.","remediation":"Whenever a directive like `location ~*` is being used, ensure that the regular expression is not too general.","sources":["https://www.nginx.com/resources/wiki/start/topics/tutorials/config_pitfalls/"]}},"fromLine":0,"toLine":1,"machine":"us-jfk-001","service":"NGINX","config_file":{"fileName":"nginx.conf","subPath":".","configFileType":"nginx"}},{"rule":{"name":"nginx_underscores_in_headers_allowed","severity":1,"documentation":{"documentation":"The HTTP standard allows underscores in headers, but NGINX might silently dismiss them.","remediation":"The setting `underscores_in_headers on` will turn them on for you.\n Remark: Since the underscores_in_headers_directive is allowed also in server-blocks, but only in very specific ones, we will only pass it if we find it in http-directives.","sources":["https://www.nginx.com/resources/wiki/start/topics/tutorials/config_pitfalls/"]}},"fromLine":0,"toLine":1,"machine":"us-jfk-001","service":"NGINX","config_file":{"fileName":"nginx.conf","subPath":".","configFileType":"nginx"}},{"rule":{"name":"nginx_enforce_ssl","severity":5,"documentation":{"documentation":"SSL should always be enabled, i.e. no cleartext communication. This can be checked in NGINX by adding ssl to the listen arguments.","remediation":"Set `ssl` at the end of every listen directive (unless it is in a path that forwards to an SSL directive).","sources":["https://nginx.org/en/docs/http/configuring_https_servers.html"]}},"fromLine":0,"toLine":1,"machine":"us-jfk-001","service":"NGINX","config_file":{"fileName":"nginx.conf","subPath":".","configFileType":"nginx"}},{"rule":{"name":"nginx_x_frame_options_header","severity":4,"documentation":{"documentation":"There is an HTTP response header that makes it harder to do clickjacking.","remediation":"NGINX can automatically set this header for every response by setting `add_header X-Frame-Options` to either `SAMEORIGIN` or `DENY` in nginx.conf.","sources":["https://developer.mozilla.org/en-US/docs/Web/HTTP/Headers/X-Frame-Options"]}},"fromLine":0,"toLine":1,"machine":"us-jfk-001","service":"NGINX","config_file":{"fileName":"nginx.conf","subPath":".","configFileType":"nginx"}},{"rule":{"name":"nginx_disable_content_sniffing","severity":2,"documentation":{"documentation":"There is an HTTP response header that makes it harder to perform content sniffing, which is considered a security vulnerability.","remediation":"NGINX can automatically set this header for every response by setting `add_header X-Content-Type-Options` to `nosniff` in nginx.conf.","sources":["https://developer.mozilla.org/en-US/docs/Web/HTTP/Headers/X-Content-Type-Options"]}},"fromLine":0,"toLine":1,"machine":"us-jfk-001","service":"NGINX","config_file":{"fileName":"nginx.conf","subPath":".","configFileType":"nginx"}},{"rule":{"name":"postgres_enable_ssl_traffic","severity":5,"documentation":{"documentation":"The communication to the database should always be encrypted.","remediation":"Set the `ssl` directive to `on`.","sources":["https://www.postgresql.org/docs/current/ssl-tcp.html"]}},"fromLine":0,"toLine":1,"machine":"us-jfk-001","service":"Postgres","config_file":{"fileName":"postgresql.conf","subPath":".","configFileType":"properties"}},{"rule":{"name":"postgres_enable_archive_mode","severity":4,"documentation":{"documentation":"In order to perform point in time recovery, the archive mode in Postgres needs to be set to be on.","remediation":"Set the directive `archive_mode` to `on`.","sources":["https://wiki.postgresql.org/wiki/Simple_Configuration_Recommendation"]}},"fromLine":0,"toLine":1,"machine":"us-jfk-001","service":"Postgres","config_file":{"fileName":"postgresql.conf","subPath":".","configFileType":"properties"}},{"rule":{"name":"postgres_enable_logging_connections","severity":2,"documentation":{"documentation":"Postgresql offers a mechanism to log connections to the database. This is recommended to be turned on, as it enables the system administrator to analyze these logs and detect anomalies.","remediation":"Set the directive `log_connections` to `on`.","sources":["https://wiki.postgresql.org/wiki/Simple_Configuration_Recommendation"]}},"fromLine":0,"toLine":1,"machine":"us-jfk-001","service":"Postgres","config_file":{"fileName":"postgresql.conf","subPath":".","configFileType":"properties"}},{"rule":{"name":"postgres_enable_logging_disconnections","severity":2,"documentation":{"documentation":"Postgresql offers a mechanism to log ends of sessions, including the duration of sessions. This is recommended to be turned on, as it enables the system administrator to analyze these logs and detect anomalies.","remediation":"Set log_disconnections to `on`.","sources":["https://www.postgresql.org/docs/9.1/runtime-config-logging.html"]}},"fromLine":0,"toLine":1,"machine":"us-jfk-001","service":"Postgres","config_file":{"fileName":"postgresql.conf","subPath":".","configFileType":"properties"}},{"rule":{"name":"postgres_allowed_connections_only_ssl","severity":5,"documentation":{"documentation":"The pg_hba file is defining the different connection and authentication processes for a specific Postgres instance. It should never be possible to log in to Postgres without having SSL enabled.","remediation":"Set the connection type in each line to either `local` or `hostssl`.","sources":["https://www.postgresql.org/docs/current/auth-pg-hba-conf.html"]}},"fromLine":0,"toLine":1,"machine":"us-jfk-001","service":"Postgres","config_file":{"fileName":"pg_hba.conf","subPath":".","configFileType":"pg_hba"}},{"rule":{"name":"postgres_do_not_allow_trust_auth","severity":5,"documentation":{"documentation":"The pg_hba file is defining the different connection and authentication processes for a specific Postgres instance. One should always need to authenticate, i.e. the method for authentication should never be `trust`.","remediation":"For every line in `pg_hba.conf`, ensure that no line has `trust` as authentication method.","sources":["https://www.postgresql.org/docs/current/auth-pg-hba-conf.html"]}},"fromLine":0,"toLine":1,"machine":"us-jfk-001","service":"Postgres","config_file":{"fileName":"pg_hba.conf","subPath":".","configFileType":"pg_hba"}},{"rule":{"name":"postgres_pg_hba_lines_mutually_exclusive","severity":3,"documentation":{"documentation":"According to the documentation https://www.postgresql.org/docs/9.1/auth-pg-hba-conf.html, there is a first-match-only policy in Postgres for authentication. Hence, it is possible to create authentication lines which are never possible to be reached. If this check fails, you have such authentication lines in your pg_hba.conf file.","remediation":"In your `pg_hba.conf` file, ensure that each lines address space or mask do not intersect.","sources":["https://www.postgresql.org/docs/current/auth-pg-hba-conf.html"]}},"fromLine":0,"toLine":1,"machine":"us-jfk-001","service":"Postgres","config_file":{"fileName":"pg_hba.conf","subPath":".","configFileType":"pg_hba"}},{"rule":{"name":"postgres_do_not_allow_domain_name_source","severity":3,"documentation":{"documentation":"The pg_hba file is defining the different connection and authentication processes for a specific Postgres instance. One of the parameters for determining which authentication method to use is the origin where the request came from. This should always be an IP address or a network mask, but never defined via a domain name, as this makes it vulnerable in the case of DNS spoofing.","remediation":"Ensure that there are no DNS references in the pg_hba.conf file.","sources":["https://www.postgresql.org/docs/current/auth-pg-hba-conf.html"]}},"fromLine":0,"toLine":1,"machine":"us-jfk-001","service":"Postgres","config_file":{"fileName":"pg_hba.conf","subPath":".","configFileType":"pg_hba"}},{"rule":{"name":"mongodb_require_authorization","severity":5,"documentation":{"documentation":"By default, there is no access control on databases in MongoDB.","remediation":"There is a configuration parameter which needs to be set to the value 'enabled', which is under the security options, and is called 'authorization.","sources":["https://docs.mongodb.com/manual/reference/configuration-options/#security-options"]}},"fromLine":0,"toLine":1,"machine":"us-jfk-002","service":"MongoDb","config_file":{"fileName":"mongod.conf","subPath":".","configFileType":"yaml"}},{"rule":{"name":"hadoop_encrypt_block_data_transfer","severity":5,"documentation":{"documentation":"By default, Hadoop does not encrypt the data transfer between nodes. This means that data is transferred unencrypted through the wires and a malicious player on the same network can extract potentially sensitive data.","remediation":"Set `dfs.encrypt.data.transfer` to `true`.","sources":["https://hadoop.apache.org/docs/stable/hadoop-project-dist/hadoop-common/SecureMode.html"]}},"fromLine":0,"toLine":1,"machine":"us-jfk-002","service":"Hadoop","config_file":{"fileName":"hdfs-site.xml","subPath":".","configFileType":"xml"}},{"rule":{"name":"hadoop_do_not_use_default_ports","severity":2,"documentation":{"documentation":"Using the standard ports makes it easier for intruders to scan for the service from the outside.","remediation":"Set\n - dfs.datanode.https.address to any port other than 9865\n - dfs.namenode.https-address to any port other than 9871\n - dfs.namenode.backup.address to any port other than 50100\n - dfs.namenode.backup.http-address to any port other than 50105\n - dfs.journalnode.rpc-address to any port other than 8485\n - dfs.journalnode.http-address to any port other than 8480\n - dfs.journalnode.https-address to any port other than 8481\n - dfs.namenode.secondary.http-address to any port other than 9868\n - dfs.namenode.secondary.https-address to any port other than 9869\n - dfs.datanode.address to any port other than 9866\n - dfs.datanode.http.address to any port other than 9864\n - dfs.datanode.ipc.address\tto any port other than 9867\n - dfs.namenode.http-address to any port other than 9870.","sources":["https://hadoop.apache.org/docs/stable/hadoop-project-dist/hadoop-common/ClusterSetup.html"]}},"fromLine":0,"toLine":1,"machine":"us-jfk-002","service":"Hadoop","config_file":{"fileName":"hdfs-site.xml","subPath":".","configFileType":"xml"}},{"rule":{"name":"kafka_no_plaintext_listening","severity":5,"documentation":{"documentation":"There is a configuration for the Kafka brokers specifying a communication protocol for each one of them. One of the options is PLAINTEXT, which means that the broker is communicating without any encryption or authorization. A secure Kafka cluster should not be configured in this way.","remediation":"For any `listeners` directive, the prefix should never be `PLAINTEXT`.","sources":["https://kafka.apache.org/documentation/#brokerconfigs"]}},"fromLine":0,"toLine":1,"machine":"us-jfk-002","service":"Kafka","config_file":{"fileName":"server.properties","subPath":".","configFileType":"properties"}},{"rule":{"name":"apache_deny_root_directory","severity":5,"documentation":{"documentation":"Ensure that the root directory access is specifically denied. Otherwise, it is possible that an attacker can gain access to files through root directory mapping.","remediation":"Create a <Directory> Require all denied </Directory> directive.","sources":["https://httpd.apache.org/docs/2.4/mod/core.html#directory"]}},"fromLine":0,"toLine":1,"machine":"us-jfk-002","service":"Apache","config_file":{"fileName":"httpd.conf","subPath":".","configFileType":"httpd"}},{"rule":{"name":"apache_no_directory_listing","severity":3,"documentation":{"documentation":"When a user puts in a URL to a directory, the contents should not be listed. This may reveal files which the hoster does not want the user to know about.","remediation":"In each <Directory> directive, set Options to None or -Indexes.","sources":["http://httpd.apache.org/docs/current/mod/core.html#directory"]}},"fromLine":0,"toLine":1,"machine":"us-jfk-002","service":"Apache","config_file":{"fileName":"httpd.conf","subPath":".","configFileType":"httpd"}},{"rule":{"name":"apache_root_directory_options_none","severity":5,"documentation":{"documentation":"With the options directive, one can allow scripts to be executed, follow symlinks, do content negotiation, etc. In the root directory, the Options directive should always be set to None.","remediation":"Create a <Directory> Options None </Directory> directive.","sources":["https://httpd.apache.org/docs/2.4/mod/core.html#directory"]}},"fromLine":0,"toLine":1,"machine":"us-jfk-002","service":"Apache","config_file":{"fileName":"httpd.conf","subPath":".","configFileType":"httpd"}},{"rule":{"name":"apache_restrict_access_ht_files","severity":4,"documentation":{"documentation":"There are special reserved files called .htaccess, .htgroup and .htpasswd. While it is not recommended to use them, it is also important to ensure that, if they are being used, access to them is restricted.","remediation":"Add the directive <FilesMatch \"^\\.ht\">Require all denied</FilesMatch> on the parent level.","sources":["https://httpd.apache.org/docs/2.4/mod/core.html#filesmatch"]}},"fromLine":0,"toLine":1,"machine":"us-jfk-002","service":"Apache","config_file":{"fileName":"httpd.conf","subPath":".","configFileType":"httpd"}},{"rule":{"name":"nginx_ssl_protocols_tls_1_2_higher","severity":4,"documentation":{"documentation":"By default, NGINX uses for `ssl_protocols` the value `TLSv1 TLSv1.1 TLSv1.2`.\n Since any protocol before TLSv1.2 is deprecated, it is recommended to change this default and only use TLSv1.2 or higher.","remediation":"Set the `ssl_protocols` on the `http` block to any protocols greater or equal to TLS1.2.","sources":["https://nginx.org/en/docs/http/ngx_http_ssl_module.html#ssl_protocols."]}},"fromLine":0,"toLine":1,"machine":"us-jfk-001","service":"NGINX","config_file":{"fileName":"nginx.conf","subPath":".","configFileType":"nginx"}},{"rule":{"name":"nginx_limit_simultaneous_connections","severity":3,"documentation":{"documentation":"In order to avoid having a single user over-loading the system with parallel connections, NGINX provides a module to limit the parallel connections possible to be opened by a so-called connection zone opened by a user.","remediation":"Set the `limit_conn` key on the top level of the `http`-block to a value that would fit your specific use case.","sources":["http://nginx.org/en/docs/http/ngx_http_limit_conn_module.html"]}},"fromLine":0,"toLine":1,"machine":"us-jfk-001","service":"NGINX","config_file":{"fileName":"nginx.conf","subPath":".","configFileType":"nginx"}},{"rule":{"name":"nginx_x_xss_protection_header","severity":4,"documentation":{"documentation":"Although being largely replaced nowadays by the Content-Security-Policy header, it is still advisable to add the header X-XSS-Protection to every response to protect older web browsers from potential cross site scripting attacks.","remediation":"Ensure that every `http` block in your NGINX configuration has `add_header X-XSS-Protection [VALUE]`, where value is not 0.","sources":["https://developer.mozilla.org/en-US/docs/Web/HTTP/Headers/X-XSS-Protection"]}},"fromLine":0,"toLine":1,"machine":"us-jfk-001","service":"NGINX","config_file":{"fileName":"nginx.conf","subPath":".","configFileType":"nginx"}},{"rule":{"name":"nginx_content_security_policy_header_set","severity":4,"documentation":{"documentation":"Modern browsers support a header called Content-Security-Policy, where multiple combinations of directives are possible to be set to ensure that the delivered content is not tampered with (e.g. by XSS attacks). This check flags if there is no such header added to an `http` directive of NGINX.","remediation":"Ensure that every `http` block in your NGINX configuration has the `add_header Content-Security-Policy` value with some basic rules enabled.","sources":["https://developer.mozilla.org/en-US/docs/Web/HTTP/Headers/Content-Security-Policy"]}},"fromLine":0,"toLine":1,"machine":"us-jfk-001","service":"NGINX","config_file":{"fileName":"nginx.conf","subPath":".","configFileType":"nginx"}},{"rule":{"name":"nginx_proxy_pass_ending_with_slash","severity":1,"documentation":{"documentation":"A very common mistake when using proxy_pass is not to place a `/` at the end. Even if you apply a rewrite rule, you may encounter issues, and it is best to place this path separator inside the location.","remediation":"Ensure that every `proxy_pass` directive in your NGINX configuration has `proxy_pass` ending with a slash, unless it uses a variable.","sources":["https://nginx.org/en/docs/http/ngx_http_proxy_module.html#proxy_pass"]}},"fromLine":0,"toLine":1,"machine":"us-jfk-001","service":"NGINX","config_file":{"fileName":"nginx.conf","subPath":".","configFileType":"nginx"}},{"rule":{"name":"nginx_hsts_header_added","severity":4,"documentation":{"documentation":"There is an HTTP response header that instructs the browser to only communicate with the website using HTTPS, the so called HSTS header. This one should be enabled.","remediation":"In the `http` section of the `nginx.conf`, ensure that there is a directive of the form `add_header Strict-Transport-Security \"max-age:<YOUR-VALUE>; includeSubdomains\"`.","sources":["https://wiki.owasp.org/index.php/OWASP_Secure_Headers_Project#hsts"]}},"fromLine":0,"toLine":1,"machine":"us-jfk-001","service":"NGINX","config_file":{"fileName":"nginx.conf","subPath":".","configFileType":"nginx"}},{"rule":{"name":"cloudformation_ec2_ensure_backup_plan","severity":3,"documentation":{"documentation":"When using EC2-instances, it is recommended to ensure that the attached EBS volume is being backed up regularly.","remediation":"When using a resource of type `AWS::EC2::Instance`, ensure that there is a resource of type `AWS::Backup::BackupPlan`, as well as a resource of type `AWS::Backup::BackupSelection`.","sources":["https://docs.aws.amazon.com/AWSCloudFormation/latest/UserGuide/aws-properties-ec2-instance.html"]}},"fromLine":0,"toLine":1,"service":"CloudFormation","config_file":{"fileName":"aws_template.yaml","subPath":".","configFileType":"aws_cfn"}},{"rule":{"name":"apache_content_security_policy_set","severity":4,"documentation":{"documentation":"One of the most effective techniques to prevent cross site scripting attacks is to control where the content is served from. This can be achieved by setting specific policies in the `Content-Security-Policy` header.","remediation":"The value of that header is completely up to the specific web service. In order to pass this check, the `httpd.conf` needs to contain a line of the form `Header always append Content-Security-Policy <YOUR-CONTENT> `.","sources":["https://wiki.owasp.org/index.php/OWASP_Secure_Headers_Project#csp"]}},"fromLine":0,"toLine":1,"machine":"us-jfk-002","service":"Apache","config_file":{"fileName":"httpd.conf","subPath":".","configFileType":"httpd"}},{"rule":{"name":"apache_deny_anything_older_than_http_1_1","severity":3,"documentation":{"documentation":"Many malicious programs will try to send arbitrary requests to your Apache web server. It is important to only allow HTTP 1.1 requests, since support for older versions is obsolete.","remediation":"Use the Rewrite engine module of Apache to filter out requests. Add the following lines:\nRewriteEngine On\nRewriteCond %{THE_REQUEST} !HTTP/1\\.1$\nRewriteRule .* - [F].","sources":["http://httpd.apache.org/docs/current/mod/mod_rewrite.html"]}},"fromLine":65,"toLine":198,"machine":"us-jfk-002","service":"Apache","config_file":{"fileName":"httpd.conf","subPath":".","configFileType":"httpd"}},{"rule":{"name":"apache_disable_autoindex","severity":3,"documentation":{"documentation":"Apache's autoindex module automatically generates a list view of a folder on the server. This should be disabled, unless specifically desired.","remediation":"Do not load mod_autoindex.","sources":["https://httpd.apache.org/docs/2.4/mod/mod_autoindex.html"]}},"fromLine":65,"toLine":198,"machine":"us-jfk-002","service":"Apache","config_file":{"fileName":"httpd.conf","subPath":".","configFileType":"httpd"}},{"rule":{"name":"apache_do_not_allow_override","severity":3,"documentation":{"documentation":"The use of .htaccess files introduces the risk of unintentional configuration overrides. In newer versions of Apache, this is disabled by default. It is best to set these specifically to ensure it is really off.","remediation":"In every <Directory> directive, set AllowOverride to be none and ensure that AllowOverrideList is not set.","sources":["https://httpd.apache.org/docs/2.4/mod/core.html#directory"]}},"fromLine":30,"toLine":549,"machine":"us-jfk-002","service":"Apache","config_file":{"fileName":"httpd.conf","subPath":".","configFileType":"httpd"}},{"rule":{"name":"apache_enable_ssl","severity":5,"documentation":{"documentation":"We should never have any communication done using unencrypted channels. This check tests if the mod_ssl.so module is loaded and that SSLProtocol is set, together with a proper SSL certificate file and a key file.","remediation":"Load the `mod_ssl.so` modules, and set the `SSLCertificateFile` and `SSLCertificateKeyFile` keys to the paths of the respective certificate and key file.","sources":["https://httpd.apache.org/docs/current/mod/mod_ssl.html"]}},"fromLine":0,"toLine":1,"machine":"us-jfk-002","service":"Apache","config_file":{"fileName":"httpd.conf","subPath":".","configFileType":"httpd"}},{"rule":{"name":"apache_hsts_header_set","severity":4,"documentation":{"documentation":"There is an HTTP response header that instructs the browser to only communicate with the website using HTTPS, the so called HSTS header. This one should be enabled.","remediation":"Apache can automatically set this header for every response by setting `Header always append  Strict-Transport-Security \"max-age:<YOUR-VALUE>; includeSubdomains\"`.","sources":["https://wiki.owasp.org/index.php/OWASP_Secure_Headers_Project#hsts"]}},"fromLine":0,"toLine":1,"machine":"us-jfk-002","service":"Apache","config_file":{"fileName":"httpd.conf","subPath":".","configFileType":"httpd"}},{"rule":{"name":"apache_load_security_module","severity":5,"documentation":{"documentation":"ModSecurity is a module that acts as a web application firewall for monitoring, logging, and access control. It should always be loaded and configured.","remediation":"Load the module by adding `LoadModule security2_module modules/mod_security2.so`.","sources":["https://www.modsecurity.org/download.html"]}},"fromLine":65,"toLine":198,"machine":"us-jfk-002","service":"Apache","config_file":{"fileName":"httpd.conf","subPath":".","configFileType":"httpd"}},{"rule":{"name":"apache_restrict_ssl_protocol","severity":3,"documentation":{"documentation":"SSL 2.0, 3.0, TLS 1, 1.1 have reportedly several crytographic flaws. Hence, only TLS 1.2 should be used.","remediation":"Set `SSLProtocol` to `-ALL +TLSv1.2`.","sources":["https://httpd.apache.org/docs/current/mod/mod_ssl.html"]}},"fromLine":0,"toLine":1,"machine":"us-jfk-002","service":"Apache","config_file":{"fileName":"httpd.conf","subPath":".","configFileType":"httpd"}},{"rule":{"name":"apache_run_as_separate_user","severity":4,"documentation":{"documentation":"Apache should not be run as root. In fact, it is best to configure the user it is run as.","remediation":"Set the `User` and `Group` directives to any user but `root`.","sources":["https://httpd.apache.org/docs/2.4/mod/mod_unixd.html"]}},"fromLine":0,"toLine":1,"machine":"us-jfk-002","service":"Apache","config_file":{"fileName":"httpd.conf","subPath":".","configFileType":"httpd"}},{"rule":{"name":"apache_server_tokens_off","severity":3,"documentation":{"documentation":"Even when a user gets to an error page, there should never be more information than necessary displayed on the page. By not knowing the specific Apache HTTPd version, an attacker cannot match known issues to a certain attack.","remediation":"Set `ServerTokens` to `Prod` or `ProductOnly` in your configuration.","sources":["https://httpd.apache.org/docs/2.4/mod/core.html#servertokens"]}},"fromLine":0,"toLine":1,"machine":"us-jfk-002","service":"Apache","config_file":{"fileName":"httpd.conf","subPath":".","configFileType":"httpd"}},{"rule":{"name":"apache_set_directory_options_none","severity":2,"documentation":{"documentation":"It is recommended to keep the Options for <Directory> directives as restrictive as possible, and only set Options not to None if really intended.","remediation":"In every <Directory> directive, set `Options` to be `none`.","sources":["https://httpd.apache.org/docs/2.4/mod/core.html#directory"]}},"fromLine":30,"toLine":549,"machine":"us-jfk-002","service":"Apache","config_file":{"fileName":"httpd.conf","subPath":".","configFileType":"httpd"}},{"rule":{"name":"apache_turn_trace_off","severity":4,"documentation":{"documentation":"It is considered best practice to have tracing disabled for Apache HTTP servers.","remediation":"Set `TraceEnable` to `off` in your configuration.","sources":["https://owasp.org/www-community/attacks/Cross_Site_Tracing"]}},"fromLine":0,"toLine":1,"machine":"us-jfk-002","service":"Apache","config_file":{"fileName":"httpd.conf","subPath":".","configFileType":"httpd"}},{"rule":{"name":"apache_x_content_type_header_set","severity":4,"documentation":{"documentation":"There is an HTTP response header that disables the functionality of the browser to detect a content type automatically, which poses an attack vector.","remediation":"Apache can automatically set this header for every response by setting `Header always append X-Content-Type-Options \"nosniff\" `.","sources":["https://wiki.owasp.org/index.php/OWASP_Secure_Headers_Project#xcto"]}},"fromLine":0,"toLine":1,"machine":"us-jfk-002","service":"Apache","config_file":{"fileName":"httpd.conf","subPath":".","configFileType":"httpd"}},{"rule":{"name":"apache_x_frame_options_same_origin","severity":4,"documentation":{"documentation":"There is an HTTP response header that makes it harder to do clickjacking. It should be set.","remediation":"Apache can automatically set this header for every response by setting `Header always append X-Frame-Options SAMEORIGIN`.","sources":["https://developer.mozilla.org/en-US/docs/Web/HTTP/Headers/X-Frame-Options"]}},"fromLine":0,"toLine":1,"machine":"us-jfk-002","service":"Apache","config_file":{"fileName":"httpd.conf","subPath":".","configFileType":"httpd"}},{"rule":{"name":"apache_x_xss_protection_set","severity":4,"documentation":{"documentation":"There is an HTTP response header that stops pages from loading in modern browsers when reflected cross site scripting attacks are detected.","remediation":"Apache can automatically set this header for every response by setting `Header always append X-XSS-Protection \"1; mode=block\"`.","sources":["https://wiki.owasp.org/index.php/OWASP_Secure_Headers_Project#xxxsp"]}},"fromLine":0,"toLine":1,"machine":"us-jfk-002","service":"Apache","config_file":{"fileName":"httpd.conf","subPath":".","configFileType":"httpd"}},{"rule":{"name":"cloudformation_ec2_disable_termination","severity":3,"documentation":{"documentation":"When using EC2-instances, it is advisable to enable termination protection, since it is otherwise possible to accidentally lose data or put the cluster in an undesired state.","remediation":"For every resource of type `AWS::EC2::Instance`, ensure that the `DisableApiTermination` key is set to `true` (default is `false`).","sources":["https://docs.aws.amazon.com/AWSCloudFormation/latest/UserGuide/aws-properties-ec2-instance.html"]}},"fromLine":240,"toLine":373,"service":"CloudFormation","config_file":{"fileName":"aws_template.yaml","subPath":".","configFileType":"aws_cfn"}},{"rule":{"name":"cloudformation_ec2_enable_enhanced_monitoring","severity":3,"documentation":{"documentation":"When using EC2-instances, if real-time view on data is critical, it is advisable to enable enhanced monitoring. This also enables teams to get alarms more timely.","remediation":"For every resource of type `AWS::EC2::Instance`, ensure that the `Monitoring` key is set to `true` (default is `false`).","sources":["https://docs.aws.amazon.com/AWSCloudFormation/latest/UserGuide/aws-properties-ec2-instance.html","https://docs.aws.amazon.com/AWSEC2/latest/UserGuide/using-cloudwatch-new.html"]}},"fromLine":240,"toLine":373,"service":"CloudFormation","config_file":{"fileName":"aws_template.yaml","subPath":".","configFileType":"aws_cfn"}},{"rule":{"name":"cloudformation_ssh_not_default_port","severity":2,"documentation":{"documentation":"When creating an EC2-instance in AWS, it is advisable to set the port to connect via SSH to anything else but the default port 22, as this is a port that is probed by potential attackers first.","remediation":"For every resource of type `AWS::EC2::SecurityGroup`, ensure that there is no `Ingress` block inside `SecurityGroupIngress` where the `ToPort` is 22 and the `IpProtocol` is `TCP`.","sources":["https://docs.aws.amazon.com/AWSCloudFormation/latest/UserGuide/aws-properties-ec2-security-group.html"]}},"fromLine":240,"toLine":373,"service":"CloudFormation","config_file":{"fileName":"aws_template.yaml","subPath":".","configFileType":"aws_cfn"}},{"rule":{"name":"kafka_do_not_enable_auto_create_topics","severity":3,"documentation":{"documentation":"When a broker receives a message for a non-existent topic, the default configuration of Kafka states that the topic will be auto-generated. This has many downsides, as a bug in a producer/consumer code can cause pollution of topics, which can slow down the whole cluster. It is generally recommended to only create topics intentionally.","remediation":"Ensure that the `auto.create.topics.enable` value is `false` (default is `true`).","sources":["https://kafka.apache.org/documentation/#configuration"]}},"fromLine":0,"toLine":1,"machine":"us-jfk-002","service":"Kafka","config_file":{"fileName":"server.properties","subPath":".","configFileType":"properties"}},{"rule":{"name":"kafka_do_not_use_default_port","severity":2,"documentation":{"documentation":"Using the standard port makes it easier for intruders to scan for the service from the outside.","remediation":"Either set the deprecated 'port' directive to 9092, or ensure that the listener directive does not have 9092 anywhere defined as port.","sources":["https://kafka.apache.org/documentation/#listener_configuration"]}},"fromLine":0,"toLine":1,"machine":"us-jfk-002","service":"Kafka","config_file":{"fileName":"server.properties","subPath":".","configFileType":"properties"}},{"rule":{"name":"kafka_inter_broker_protocol_not_plain","severity":4,"documentation":{"documentation":"Kafka is a distributed system. There is a communication from consumers/producers, but there is also inter-broker communication. It needs to be ensured that this is also encrypted.","remediation":"Ensure that the `security.inter.broker.protocol` value is anything but `PLAINTEXT` (default) or `SASL_PLAINTEXT`.","sources":["https://kafka.apache.org/documentation/#configuration"]}},"fromLine":0,"toLine":1,"machine":"us-jfk-002","service":"Kafka","config_file":{"fileName":"server.properties","subPath":".","configFileType":"properties"}},{"rule":{"name":"kafka_replication_factors_greater_than_one","severity":4,"documentation":{"documentation":"The data replication among different Kafka brokers is crucial to its stability, as otherwise data losses can occur.","remediation":"Ensure that the values for `offsets.topic.replication.factor`, `transaction.state.log.replication.factor`, `default.replication.factor`, `config.storage.replication.factor`, `offset.storage.replication.factor`, `status.storage.replication.factor` and `errors.deadletterqueue.topic.replication.factor` are all greater than one.","sources":["https://kafka.apache.org/documentation/#configuration"]}},"fromLine":74,"toLine":75,"machine":"us-jfk-002","service":"Kafka","config_file":{"fileName":"server.properties","subPath":".","configFileType":"properties"}},{"rule":{"name":"kafka_set_client_to_use_tls_when_zookeeper","severity":4,"documentation":{"documentation":"When connecting to Zookeeper, it is recommended to enforce the use of TLS to ensure encryption in transit.","remediation":"Ensure that the `zookeeper.ssl.client.enable` value is `true` (default is `false`).","sources":["https://kafka.apache.org/documentation/#configuration"]}},"fromLine":0,"toLine":1,"machine":"us-jfk-002","service":"Kafka","config_file":{"fileName":"server.properties","subPath":".","configFileType":"properties"}},{"rule":{"name":"mongodb_authentication_sharded_cluster","severity":5,"documentation":{"documentation":"It is best to distribute the load to different MongoDB instances. MongoDB accomplishes this by sharding the database. In a sharded cluster, one needs to ensure that authentication is enabled and connections are only done using SSL/TLS.","remediation":"Set `net.ssl.mode` to `requireTLS` and set the `net.ssl.certificateKeyFile` to the path of the respective certificate. Furthermore, the key `net.ssl.clusterFile` or resp. ` net.tls.clusterCertificateSelector` should also contain the path the the key file for membership authentication.","sources":["https://docs.mongodb.com/manual/reference/configuration-options/#net.ssl.mode","https://docs.mongodb.com/manual/reference/configuration-options/#net.tls.mode"]}},"fromLine":0,"toLine":18,"machine":"us-jfk-002","service":"MongoDb","config_file":{"fileName":"mongod.conf","subPath":".","configFileType":"yaml"}},{"rule":{"name":"mongodb_cluster_auth_mode_x509","severity":4,"documentation":{"documentation":"MongoDB cluster authentication is recommended to be performed via an x.509 certificate.","remediation":"Set the key `security.clusterAuthMode` to `x509`.","sources":["https://docs.mongodb.com/manual/reference/configuration-options/#security.clusterAuthMode"]}},"fromLine":0,"toLine":18,"machine":"us-jfk-002","service":"MongoDb","config_file":{"fileName":"mongod.conf","subPath":".","configFileType":"yaml"}},{"rule":{"name":"mongodb_cluster_ip_sources_whitelist_exists","severity":4,"documentation":{"documentation":"There should be a limited number of machines being able to access the specific MongoDB instance.","remediation":"One can configure a specific whitelist containing IP addresses and CIDR-ranges, namely by setting `security.clusterIpSourceWhitelist` with appropriate CIDR ranges. It is best practice to set such a whitelist.","sources":["https://docs.mongodb.com/manual/reference/configuration-options/#security.clusterIpSourceWhitelist"]}},"fromLine":0,"toLine":18,"machine":"us-jfk-002","service":"MongoDb","config_file":{"fileName":"mongod.conf","subPath":".","configFileType":"yaml"}},{"rule":{"name":"mongodb_disable_server_side_scripting","severity":4,"documentation":{"documentation":"MongoDB supports the execution of JavaScript. This should only be activated if specifically intended, as it opens the attack-vector to leverage insecure coding.","remediation":"Set `security.javascriptEnabled` to `false`.","sources":["https://docs.mongodb.com/manual/reference/configuration-options/#security.javascriptEnabled"]}},"fromLine":0,"toLine":18,"machine":"us-jfk-002","service":"MongoDb","config_file":{"fileName":"mongod.conf","subPath":".","configFileType":"yaml"}},{"rule":{"name":"mongodb_do_not_use_default_port","severity":4,"documentation":{"documentation":"MongoDBs default ports are 27017, 27018 and 27019. When malicious actors are probing IP address pools for services, they look specifically for this port to identify MongoDB. One needs to set these ports to different numbers.","remediation":"Set `net.port` to any other value but the aforementioned numbers.","sources":["https://docs.mongodb.com/manual/reference/configuration-options/#net.port"]}},"fromLine":14,"toLine":15,"machine":"us-jfk-002","service":"MongoDb","config_file":{"fileName":"mongod.conf","subPath":".","configFileType":"yaml"}},{"rule":{"name":"mongodb_enable_encryption","severity":4,"documentation":{"documentation":"MongoDB enterprise edition supports encryption for the WiredTiger storage engine, which should be set to true (default is false).","remediation":"Set `security.enableEncryption` to `true`.","sources":["https://docs.mongodb.com/manual/reference/configuration-options/#security.enableEncryption"]}},"fromLine":0,"toLine":18,"machine":"us-jfk-002","service":"MongoDb","config_file":{"fileName":"mongod.conf","subPath":".","configFileType":"yaml"}},{"rule":{"name":"mongodb_ensure_activity_is_audited","severity":4,"documentation":{"documentation":"Part of a good security practice is to perform audit logging. In MongoDB, one needs to set the destination of the audit log specifically. It is also recommended to set a system log destination specifically.","remediation":"Specifically set the keys `auditLog.destination` and `systemLog.destination`.","sources":["https://docs.mongodb.com/manual/reference/configuration-options/#auditLog.destination"]}},"fromLine":0,"toLine":18,"machine":"us-jfk-002","service":"MongoDb","config_file":{"fileName":"mongod.conf","subPath":".","configFileType":"yaml"}},{"rule":{"name":"mongodb_fips_mode_enabled","severity":4,"documentation":{"documentation":"FIPSMode (Federal Information Processing Standard) is a standard used to certify software to encrypt and decrypt data securely. Setting FIPSMode to true ensures that MongoDB only runs with such a certified library for OpenSSL.","remediation":"Set `net.ssl.FIPSMode` or `net.tls.FIPSMode` to `true` (default is `false`).","sources":["https://docs.mongodb.com/manual/reference/configuration-options/#net.tls.FIPSMode"]}},"fromLine":0,"toLine":18,"machine":"us-jfk-002","service":"MongoDb","config_file":{"fileName":"mongod.conf","subPath":".","configFileType":"yaml"}},{"rule":{"name":"mongodb_no_localhost_auth_bypass","severity":3,"documentation":{"documentation":"If no user is defined yet on MongoDB, anyone on localhost has full access to the MongoDB instance. It is best practice to have this behavior disabled.","remediation":"Set `setParameter.enableLocalhostAuthBypass` to `false` (default is true).","sources":["https://docs.mongodb.com/manual/reference/parameters/#param.enableLocalhostAuthBypass"]}},"fromLine":0,"toLine":18,"machine":"us-jfk-002","service":"MongoDb","config_file":{"fileName":"mongod.conf","subPath":".","configFileType":"yaml"}},{"rule":{"name":"postgres_do_not_use_standard_port","severity":2,"documentation":{"documentation":"Using the standard port makes it easier for intruders to scan for the service from the outside.","remediation":"Set the parameter `port` to any other value than 5432.","sources":["https://www.postgresql.org/docs/current/runtime-config-connection.html"]}},"fromLine":0,"toLine":1,"machine":"us-jfk-001","service":"Postgres","config_file":{"fileName":"postgresql.conf","subPath":".","configFileType":"properties"}},{"rule":{"name":"postgres_ensure_log_directory_is_set","severity":2,"documentation":{"documentation":"Postgres allows you to set your own log directory, which in turn ensures that the user as which Postgresql is run is allowed to write into that directory. It is recommended to set this directory specifically.","remediation":"Set `log_directory` to a value of your choice.","sources":["https://www.postgresql.org/docs/10/runtime-config-logging.html"]}},"fromLine":0,"toLine":1,"machine":"us-jfk-001","service":"Postgres","config_file":{"fileName":"postgresql.conf","subPath":".","configFileType":"properties"}},{"rule":{"name":"postgres_ensure_log_rotation_size_not_disabled","severity":2,"documentation":{"documentation":"Log file rotation by by size is part of logging best practices. It is important to have a value set there that follows your companie's policies.","remediation":"Set the parameter `log_rotation_size` to any value other than `0`.","sources":["https://www.postgresql.org/docs/10/runtime-config-logging.html"]}},"fromLine":0,"toLine":1,"machine":"us-jfk-001","service":"Postgres","config_file":{"fileName":"postgresql.conf","subPath":".","configFileType":"properties"}},{"rule":{"name":"postgres_log_statement_not_none","severity":2,"documentation":{"documentation":"By default, log statements are not logged at all. It is useful for auditing purposes to at least set it to `ddl`, meaning that DROP, ALTER and CREATE statements are being logged.","remediation":"Set the parameter `log_statement` to anything other but `none` (default value is `none`).","sources":["https://www.postgresql.org/docs/10/runtime-config-logging.html"]}},"fromLine":0,"toLine":1,"machine":"us-jfk-001","service":"Postgres","config_file":{"fileName":"postgresql.conf","subPath":".","configFileType":"properties"}},{"rule":{"name":"postgres_log_timezone_utc","severity":2,"documentation":{"documentation":"Working in different timezones is a great area of error. For logging, it is generally recommended to use UTC time, and convert in visual tools to local times as needed. By default, Postgres uses the operating system's timezone setting as its timezone for logging. It is best to set it to UTC to avoid confusion, or to your organization's standard time zone setting.","remediation":"Set the parameter `log_timezone` to `UTC`.","sources":["https://www.postgresql.org/docs/10/runtime-config-logging.html"]}},"fromLine":0,"toLine":1,"machine":"us-jfk-001","service":"Postgres","config_file":{"fileName":"postgresql.conf","subPath":".","configFileType":"properties"}}],"disabled":[{"rule":{"name":"kerberos_default_tkt_enctypes","severity":3,"documentation":{"documentation":"One should not use the legacy TKT enctypes configuration.","remediation":"`libdefaults` has a key called \"default_tkt_enctypes\". If this value is set, custom cryptographic mechanisms are set instead of default secure ones. The value should only be set for legacy systems.","sources":["https://web.mit.edu/kerberos/krb5-1.12/doc/admin/conf_files/krb5_conf.html"]}},"fromLine":0,"toLine":1,"machine":"us-jfk-001","service":"Kerberos","config_file":{"fileName":"krb5.conf","subPath":".","configFileType":"krb"},"reasons":["We are working with a legacy system"]}]}